{
  "histories": {
    "baseline": {
      "accuracy": [
        0.781000018119812,
        0.8449791669845581,
        0.8570833206176758,
        0.8676458597183228,
        0.8714166879653931,
        0.8787916898727417,
        0.8821041584014893,
        0.8843125104904175,
        0.8894583582878113,
        0.8913750052452087
      ],
      "loss": [
        0.6303697228431702,
        0.43960270285606384,
        0.396992027759552,
        0.3682689964771271,
        0.35011202096939087,
        0.3348518908023834,
        0.32265615463256836,
        0.31430014967918396,
        0.30380430817604065,
        0.2961871027946472
      ],
      "val_accuracy": [
        0.8394166827201843,
        0.8604999780654907,
        0.8694166541099548,
        0.8726666569709778,
        0.8777499794960022,
        0.8769166469573975,
        0.8785833120346069,
        0.8824166655540466,
        0.8827499747276306,
        0.8801666498184204
      ],
      "val_loss": [
        0.4528483748435974,
        0.3938063681125641,
        0.3711824119091034,
        0.3577817380428314,
        0.343292772769928,
        0.3387909233570099,
        0.33471566438674927,
        0.3228647708892822,
        0.32186180353164673,
        0.3255223333835602
      ]
    },
    "cnn_3x3": {
      "accuracy": [
        0.7561874985694885,
        0.85177081823349,
        0.8715624809265137,
        0.8834375143051147,
        0.8919583559036255,
        0.8970624804496765,
        0.9023749828338623,
        0.9084166884422302,
        0.9119166731834412,
        0.9174583554267883
      ],
      "loss": [
        0.6845607161521912,
        0.4189678430557251,
        0.36071300506591797,
        0.328938364982605,
        0.299125075340271,
        0.28823620080947876,
        0.2679298222064972,
        0.2561318576335907,
        0.24356824159622192,
        0.22709739208221436
      ],
      "val_accuracy": [
        0.8539999723434448,
        0.8705833554267883,
        0.8859166502952576,
        0.8962500095367432,
        0.9024999737739563,
        0.9050833582878113,
        0.9014166593551636,
        0.9122499823570251,
        0.9077500104904175,
        0.9173333048820496
      ],
      "val_loss": [
        0.4006613492965698,
        0.34509289264678955,
        0.31261149048805237,
        0.2839498817920685,
        0.2747749984264374,
        0.2615952491760254,
        0.2616179287433624,
        0.2421804964542389,
        0.2529752254486084,
        0.2324121743440628
      ]
    },
    "cnn_5x5": {
      "accuracy": [
        0.762333333492279,
        0.8552916646003723,
        0.8770624995231628,
        0.8870416879653931,
        0.8978750109672546,
        0.903249979019165,
        0.9087916612625122,
        0.9126458168029785,
        0.9192708134651184,
        0.921916663646698
      ],
      "loss": [
        0.6620662212371826,
        0.41230374574661255,
        0.3507900834083557,
        0.31627267599105835,
        0.29097071290016174,
        0.2690742313861847,
        0.2550296485424042,
        0.239564448595047,
        0.2246701717376709,
        0.21419091522693634
      ],
      "val_accuracy": [
        0.859083354473114,
        0.8824999928474426,
        0.8924999833106995,
        0.8985000252723694,
        0.9020000100135803,
        0.9079999923706055,
        0.9036666750907898,
        0.9102500081062317,
        0.9165833592414856,
        0.9171666502952576
      ],
      "val_loss": [
        0.38457438349723816,
        0.33051127195358276,
        0.30444398522377014,
        0.27467456459999084,
        0.2634149491786957,
        0.24946777522563934,
        0.2560781240463257,
        0.2423027902841568,
        0.23547428846359253,
        0.2274882197380066
      ]
    }
  },
  "summary": {
    "test_accuracy": {
      "baseline": 0.8740000128746033,
      "cnn_3x3": 0.9090999960899353,
      "cnn_5x5": 0.9111999869346619
    },
    "test_loss": {
      "baseline": 0.34931886196136475,
      "cnn_3x3": 0.2547484338283539,
      "cnn_5x5": 0.24462144076824188
    }
  }
}